design_id,family,n_periods,pitches_nm,widths_nm,groove_w_nm,groove_d_nm,min_feature_nm,min_gap_nm,min_remaining_gap_nm,lambda980_nm,q980,mode980,lambda451_nm,q451,mode451,re_overlap451,folded_only,dual_score,passes_dual_targets
periodic_N1_baseline,periodic_supercell,1,564.3,383.724,0.0,0.0,180.57599999999996,180.57599999999996,148.57599999999996,980.0098957597728,153252347519.12872,1,451.6250208113661,79.36696594537707,1,0.0497597331322239,False,1.1664049587795873,False
primitive_P562.30_Woff+0,primitive_tune,1,562.3,382.364,0.0,0.0,179.93599999999998,179.93599999999998,147.93599999999998,977.0014376970619,199531770065.7348,1,451.3438417472175,75.58701704697907,1,nan,False,12.945854925184902,False
primitive_P562.30_Woff-5,primitive_tune,1,562.3,377.364,0.0,0.0,184.93599999999998,184.93599999999998,152.93599999999998,973.3993287386819,237886763077.59814,2,450.6699810779986,1964.7422415915462,2,nan,False,26.73270396727378,False
primitive_P562.30_Woff+5,primitive_tune,1,562.3,387.364,0.0,0.0,174.93599999999998,174.93599999999998,142.93599999999998,980.463338933444,152046841599.125,1,451.5027447351977,77.15749352987552,1,nan,False,2.919209913501751,False
primitive_P563.30_Woff+0,primitive_tune,1,563.3,383.044,0.0,0.0,180.25599999999997,180.25599999999997,148.25599999999997,978.5059129181332,83307520625.67505,1,451.4832531039366,77.46186751866146,1,nan,False,7.0141616157606,False
primitive_P563.30_Woff-5,primitive_tune,1,563.3,378.044,0.0,0.0,185.25599999999997,185.25599999999997,153.25599999999997,974.9052069527959,227226887257.10898,1,451.3512372891018,1798.245174025572,2,nan,False,20.730409477918272,False
primitive_P563.30_Woff+5,primitive_tune,1,563.3,388.044,0.0,0.0,175.25599999999997,175.25599999999997,143.25599999999997,981.9668530299915,296955192476.31525,1,451.6491673850078,79.15764846370304,1,nan,False,9.024115084275694,False
primitive_P564.00_Woff+0,primitive_tune,1,564,383.52,0.0,0.0,180.47999999999996,180.47999999999996,148.47999999999996,979.5583692635935,169900679758.91257,1,451.58219880886855,78.7927020626907,1,nan,False,2.866291783841208,False
primitive_P564.00_Woff-5,primitive_tune,1,564,378.52,0.0,0.0,185.47999999999996,185.47999999999996,153.47999999999996,975.9576354506239,74759396675.09763,1,451.4197866925756,77.2518385918464,1,nan,False,17.14970076799098,False
primitive_P564.00_Woff+5,primitive_tune,1,564,388.52,0.0,0.0,175.47999999999996,175.47999999999996,143.47999999999996,983.0202420960452,163168391695.53888,1,451.753156840934,80.57754387171299,1,nan,False,13.303055098685151,False
primitive_P564.20_Woff+0,primitive_tune,1,564.2,383.656,0.0,0.0,180.54399999999998,180.54399999999998,148.54399999999998,979.8600731694655,296355335397.7315,1,451.6106152085326,79.17509735039981,1,0.10622632327103268,False,1.677379500497129,False
primitive_P564.20_Woff-5,primitive_tune,1,564.2,378.656,0.0,0.0,185.54399999999998,185.54399999999998,153.54399999999998,976.2595475849353,181413700845.299,1,451.4468168198787,77.60625555747488,1,nan,False,15.95914283231345,False
primitive_P564.20_Woff+5,primitive_tune,1,564.2,388.656,0.0,0.0,175.54399999999998,175.54399999999998,143.54399999999998,983.3195038782254,101979182258.37915,1,451.7831422794897,80.9885765799224,1,nan,False,14.519038962082748,False
primitive_P564.25_Woff+0,primitive_tune,1,564.25,383.69,0.0,0.0,180.55999999999995,180.55999999999995,148.55999999999995,979.9347806851628,163351180206.7448,1,451.61786979116084,79.27104776264348,1,0.11718355287567953,False,1.3831740579831098,False
primitive_P564.25_Woff-5,primitive_tune,1,564.25,378.69,0.0,0.0,185.55999999999995,185.55999999999995,153.55999999999995,976.3349338116074,131600411495.45966,1,451.45361688993125,77.6950299032202,1,nan,False,15.661915452627431,False
primitive_P564.25_Woff+5,primitive_tune,1,564.25,388.69,0.0,0.0,175.55999999999995,175.55999999999995,143.55999999999995,983.3944729741978,202017891423.42358,1,451.7905581808379,81.08707390736484,1,nan,False,14.823691933461301,False
primitive_P564.35_Woff+0,primitive_tune,1,564.35,383.758,0.0,0.0,180.59199999999998,180.59199999999998,148.59199999999998,980.0832732284321,227284700276.11026,1,451.63207835425106,79.4635484326014,1,0.03502370865120541,False,1.4643314954491893,False
primitive_P564.35_Woff-5,primitive_tune,1,564.35,378.758,0.0,0.0,185.59199999999998,185.59199999999998,153.59199999999998,976.4849117095785,187971153095.6754,1,451.46728356392885,77.87236012100051,1,nan,False,15.070720039112931,False
primitive_P564.35_Woff+5,primitive_tune,1,564.35,388.758,0.0,0.0,175.59199999999998,175.59199999999998,143.59199999999998,983.5463175317211,359144309647.3806,1,451.80551455404986,81.29274110852371,1,nan,False,15.440525842094182,False
primitive_P564.40_Woff+0,primitive_tune,1,564.4,383.792,0.0,0.0,180.60799999999995,180.60799999999995,148.60799999999995,980.1601414388135,193593855710.74472,1,451.639134772939,79.55970675454992,1,0.02548352389255262,False,1.7762346596462386,False
primitive_P564.40_Woff-5,primitive_tune,1,564.4,378.792,0.0,0.0,185.60799999999995,185.60799999999995,153.60799999999995,976.5611547055113,108236552891.6422,1,451.4741662938692,77.96273240971506,1,nan,False,14.770112213280948,False
primitive_P564.40_Woff+5,primitive_tune,1,564.4,388.792,0.0,0.0,175.60799999999995,175.60799999999995,143.60799999999995,983.6202953261691,90829505860.32024,1,451.8131137000181,81.39593747117135,1,nan,False,15.741281357268145,False
primitive_P565.30_Woff+0,primitive_tune,1,565.3,384.404,0.0,0.0,180.89599999999996,180.89599999999996,148.89599999999996,981.5136862951235,65535549208.19163,1,451.7691555008328,81.30124651524565,1,nan,False,7.273414659965308,False
primitive_P565.30_Woff-5,primitive_tune,1,565.3,379.404,0.0,0.0,185.89599999999996,185.89599999999996,153.89599999999996,977.9160883236137,77523974041.5671,1,451.59802056538274,79.5786804657112,1,nan,False,9.429683602858072,False
primitive_P565.30_Woff+5,primitive_tune,1,565.3,389.404,0.0,0.0,175.89599999999996,175.89599999999996,143.89599999999996,984.9719637296278,150384418250.09885,1,451.94901941226806,83.24899633081544,1,nan,False,21.23497929950389,False
primitive_P566.30_Woff+0,primitive_tune,1,566.3,385.084,0.0,0.0,181.21599999999995,181.21599999999995,149.21599999999995,983.0165125281704,1336617635762.169,1,451.9153508868433,83.25703114798722,1,nan,False,13.379296397652558,False
primitive_P566.30_Woff-5,primitive_tune,1,566.3,380.084,0.0,0.0,186.21599999999995,186.21599999999995,154.21599999999995,979.4215922110674,221237388183.82382,1,451.73774073665294,81.39642140962772,1,nan,False,3.498345334535427,False
primitive_P566.30_Woff+5,primitive_tune,1,566.3,390.084,0.0,0.0,176.21599999999995,176.21599999999995,144.21599999999995,986.472735992113,196555492113.04956,1,452.10196361034406,85.33322684981717,1,nan,False,27.337316735516826,False
periodic_N2_dP0_dW0,periodic_supercell,2,564.3;564.3,383.724;383.724,0.0,0.0,180.57599999999996,180.57599999999996,148.57599999999996,980.009887251783,16364770423.217016,1,450.6175098299851,153.33015079510452,2,nan,True,0.42203917714675754,False
periodic_N3_dP0_dW0,periodic_supercell,3,564.3;564.3;564.3,383.724;383.724;383.724,0.0,0.0,180.576,180.576,148.576,980.0111543592034,133995013933.3659,1,451.5092730518754,220.53512581480265,1,nan,True,0.5538904886889213,False
periodic_N2_dP0_dW40,periodic_supercell,2,564.3;564.3,363.724;403.724,0.0,0.0,180.57599999999996,180.57599999999996,148.57599999999996,977.5398004821793,995.2782450126484,1,450.59597491120775,153.4939029297622,2,nan,False,110.2859329344936,False
periodic_N3_dP0_dW40,periodic_supercell,3,564.3;564.3;564.3,363.724;423.724;363.724,0.0,0.0,170.576,170.576,138.576,975.1272117596769,759.3902413664127,2,451.58959191908735,135.6997120678181,2,nan,False,122.471444642633,False
periodic_N2_dP0_dW60,periodic_supercell,2,564.3;564.3,353.724;413.724,0.0,0.0,180.57599999999996,180.57599999999996,148.57599999999996,974.4534915892316,461.71002516522856,1,450.8755292042222,97.76146755824121,1,nan,False,129.07227978595512,False
periodic_N3_dP0_dW60,periodic_supercell,3,564.3;564.3;564.3,353.724;443.724;353.724,0.0,0.0,165.576,165.576,133.576,976.2893590303246,29.018093024894377,1,452.16582042478296,138.0298657916248,2,nan,False,146.75500693123513,False
periodic_N2_dP40_dW0,periodic_supercell,2,544.3;584.3,383.724;383.724,0.0,0.0,180.57599999999996,180.57599999999996,148.57599999999996,980.0095179240965,19014829639.160835,1,450.61754157416686,153.3264586231781,2,nan,True,0.42053012221907693,False
periodic_N3_dP40_dW0,periodic_supercell,3,544.3;604.3;544.3,383.724;383.724;383.724,0.0,0.0,160.57600000000002,160.57600000000002,128.57600000000002,979.412322816686,8216.499097402906,1,451.3582019720235,93.6198041062812,1,nan,False,84.55833582744047,False
periodic_N2_dP40_dW40,periodic_supercell,2,544.3;584.3,363.724;403.724,0.0,0.0,180.57599999999996,180.57599999999996,148.57599999999996,977.5393334883529,995.3825473584516,1,450.59592499484336,153.49499213854213,2,nan,False,110.28694061718286,False
periodic_N3_dP40_dW40,periodic_supercell,3,544.3;604.3;544.3,363.724;423.724;363.724,0.0,0.0,180.576,180.576,148.576,973.7587011223293,451.9979009813118,3,451.47576112913066,145.39635879455372,1,nan,False,132.3382282796191,False
periodic_N2_dP40_dW60,periodic_supercell,2,544.3;584.3,353.724;413.724,0.0,0.0,180.57599999999996,180.57599999999996,148.57599999999996,974.4539699216033,461.7360044394495,1,450.87547192326434,97.76029409623261,1,nan,False,129.06996108281,False
periodic_N3_dP40_dW60,periodic_supercell,3,544.3;604.3;544.3,353.724;443.724;353.724,0.0,0.0,175.576,175.576,143.576,975.8395895750491,29.335682460325952,1,452.0999592271808,150.10913167161996,2,nan,False,148.3936770065281,False
periodic_N2_dP80_dW0,periodic_supercell,2,524.3;604.3,383.724;383.724,0.0,0.0,180.57599999999996,180.57599999999996,148.57599999999996,980.0108946790099,27044023662.045162,1,450.6175314107715,153.32682743713423,2,nan,True,0.42604730526801404,False
periodic_N3_dP80_dW0,periodic_supercell,3,524.3;644.3;524.3,383.724;383.724;383.724,0.0,0.0,140.57600000000002,140.57600000000002,108.57600000000002,977.5420496221793,1891.5245616781624,1,451.28648353747633,108.33928008175407,1,nan,False,104.58204534811046,False
periodic_N2_dP80_dW40,periodic_supercell,2,524.3;604.3,363.724;403.724,0.0,0.0,180.57599999999996,180.57599999999996,148.57599999999996,977.538300522735,995.5511622708947,1,450.59588100895365,153.49309590601817,2,nan,False,110.28964522567604,False
periodic_N3_dP80_dW40,periodic_supercell,3,524.3;644.3;524.3,363.724;423.724;363.724,0.0,0.0,160.57600000000002,160.57600000000002,128.57600000000002,971.0687305992245,294.010344150841,3,451.4462269457543,157.1578913524404,1,nan,False,146.80405234002794,False
periodic_N2_dP80_dW60,periodic_supercell,2,524.3;604.3,353.724;413.724,0.0,0.0,180.57599999999996,180.57599999999996,148.57599999999996,974.4551300801018,461.75955602581394,1,450.875658441305,97.75584682509675,1,nan,False,129.06478969030292,False
periodic_N3_dP80_dW60,periodic_supercell,3,524.3;644.3;524.3,353.724;443.724;353.724,0.0,0.0,170.57600000000002,170.57600000000002,138.57600000000002,975.3027574662253,33.127329204311145,2,452.0481957329185,166.86850026003097,2,nan,False,149.43343739703417,False
periodic_N5_dP20_dW20,periodic_supercell,5,544.3;564.3;604.3;564.3;544.3,363.724;383.724;423.724;383.724;363.724,0.0,0.0,180.5759999999999,180.5759999999999,148.5759999999999,974.2544805826814,933.2411366084258,1,451.18738174990204,144.82646224406287,1,nan,False,123.76958194043944,False
periodic_N5_dP20_dW40,periodic_supercell,5,544.3;564.3;604.3;564.3;544.3,343.724;383.724;463.724;383.724;343.724,0.0,0.0,160.576,160.576,128.576,969.4763211333022,416.0402729272838,3,451.2911653211633,138.04529033706896,1,nan,False,150.0031733358269,False
periodic_N5_dP20_dW60,periodic_supercell,5,544.3;564.3;604.3;564.3;544.3,323.724;383.724;503.724;383.724;323.724,0.0,0.0,140.576,140.576,108.576,973.2046419149924,40.01271799710453,1,450.4194718146325,160.46218443990782,1,nan,False,155.71799945980155,False
periodic_N5_dP40_dW20,periodic_supercell,5,524.3;564.3;644.3;564.3;524.3,363.724;383.724;423.724;383.724;363.724,0.0,0.0,160.57600000000002,160.57600000000002,128.57600000000002,969.5096637506747,467.6689497540273,3,451.10347751456413,164.94123054271978,1,nan,False,148.66605178242034,False
periodic_N5_dP40_dW40,periodic_supercell,5,524.3;564.3;644.3;564.3;524.3,343.724;383.724;463.724;383.724;343.724,0.0,0.0,180.5759999999999,180.5759999999999,148.5759999999999,973.638938714302,39.23087285492382,1,451.24538848828195,163.327969789473,1,nan,False,153.81707421237337,False
periodic_N5_dP40_dW60,periodic_supercell,5,524.3;564.3;644.3;564.3;524.3,323.724;383.724;503.724;383.724;323.724,0.0,0.0,160.576,160.576,128.576,973.7318946963542,39.972604556140794,1,451.420903656347,133.8160738261084,1,nan,False,153.45807592749097,False
periodic_N5_dP60_dW20,periodic_supercell,5,504.3;564.3;684.3;564.3;504.3,363.724;383.724;423.724;383.724;363.724,0.0,0.0,140.57600000000002,140.57600000000002,108.57600000000002,974.3290064221302,38.64894397158418,1,451.11555766834306,160.6777045908548,1,nan,False,151.05677934129653,False
periodic_N5_dP60_dW40,periodic_supercell,5,504.3;564.3;684.3;564.3;504.3,343.724;383.724;463.724;383.724;343.724,0.0,0.0,160.57600000000002,160.57600000000002,128.57600000000002,974.2096651281176,39.32943035811762,1,450.8693102946348,91.0989319927266,1,nan,False,151.60010964143603,False
periodic_N5_dP60_dW60,periodic_supercell,5,504.3;564.3;684.3;564.3;504.3,323.724;383.724;503.724;383.724;323.724,0.0,0.0,180.5759999999999,180.5759999999999,148.5759999999999,974.2236602061797,40.01435354342806,1,451.1625510873047,158.6974172998342,1,nan,False,151.2235941627594,False
